,abertura,maxima,minima,fechamento,volume
2026-09-29,220.865,223.12,219.91,219.99,3633388
2026-09-28,222.5,223.1356,219.23,220.67,5291533
2026-09-25,226.15,228.99,225.19,225.51,4147449
2026-09-24,232.0,232.6168,226.01,227.06,4149575
2026-09-23,233.47,237.86,232.53,232.76,4539608
2026-09-22,234.47,236.2,230.08,231.38,4808838
2026-09-21,231.99,234.7,228.35,231.93,8200086
2026-09-18,237.85,237.89,229.38,229.55,13413822
2026-09-17,238.58,243.365,237.35,237.75,5905870
2026-09-16,240.5,243.3399,235.41,237.49,6181838
2026-09-15,246.19,251.815,246.15,248.37,4518283
2026-09-14,249.41,251.37,244.1201,249.09,6817275
2026-09-11,235.78,243.63,235.0,243.29,4919572
2026-09-10,238.18,242.31,231.83,234.02,5820269
2026-09-09,232.65,241.5,230.36,239.94,6404717
2026-09-08,232.95,233.4,230.2,232.09,4787646
2026-09-04,233.33,236.17,231.68,234.89,3722860
2026-09-03,234.38,238.29,232.815,234.71,4375426
2026-09-02,230.545,232.88,229.1,231.7,4654576
2026-09-01,231.0,233.09,229.9,231.4,3240341
2026-08-31,232.73,235.9379,232.18,233.87,6101445
2026-08-28,238.3,239.08,235.09,235.59,3945403
2026-08-27,232.8,240.8065,231.45,238.79,5505922
2026-08-26,230.7,234.23,228.96,229.87,4631964
2026-08-25,230.0,234.435,229.51,234.19,3023636
2026-08-24,234.37,234.49,230.47,231.04,4085030
2026-08-21,233.71,238.72,233.12,235.68,3888743
2026-08-20,236.0,237.5,233.03,233.69,4986890
2026-08-19,232.26,238.615,230.51,237.16,5342567
2026-08-18,229.73,234.4499,229.415,232.67,4650116
2026-08-17,231.59,233.65,227.4,228.85,7564317
2026-08-14,238.37,239.15,233.73,234.32,4523467
2026-08-13,238.92,239.71,233.61,237.14,5395192
2026-08-12,236.95,237.46,231.68,235.98,5696182
2026-08-11,236.31,241.8,235.44,238.42,4468987
2026-08-10,235.0,240.735,234.13,236.31,7348858
2026-08-07,235.38,237.315,232.72,237.28,4763304
2026-08-06,229.61,234.47,228.44,233.43,4250062
2026-08-05,236.1,238.9627,233.46,235.92,5726854
2026-08-04,224.76,235.31,223.3,235.15,7537896
2026-08-03,228.33,228.55,224.87,226.31,7974681
2026-07-31,221.15,224.76,216.585,223.65,9093613
2026-07-30,222.0,224.86,220.2,221.74,9675157
2026-07-29,227.7,230.97,223.95,226.44,8806699
2026-07-28,219.73,228.98,215.1101,227.55,13262958
2026-07-27,217.75,219.63,215.29,216.28,8369433
2026-07-24,209.28,216.1,206.8,214.19,10578780
2026-07-23,202.64,207.55,199.19,206.65,15306010
2026-07-22,207.68,212.3417,204.73,205.77,14606736
2026-07-21,210.72,214.97,209.18,210.5,11954411
2026-07-20,210.07,216.2762,208.82,213.0,9585016
2026-07-17,215.62,217.1699,210.22,212.67,13150177
2026-07-16,208.82,219.95,204.44,219.05,22533271
2026-07-15,220.965,223.813,211.03,211.2,29590356
2026-07-14,226.365,229.92,213.22,217.07,67440873
2026-07-13,290.5,297.5,289.1,290.23,5024243
2026-07-10,297.26,298.77,287.5,287.56,3640089
2026-07-09,285.835,297.2838,284.4381,295.3,10841979
2026-07-08,300.77,303.82,295.59,302.05,7416749
2026-07-07,305.66,311.8,300.4901,306.13,8618569
2026-07-06,288.345,300.8199,287.65,299.52,7181525
2026-07-02,283.14,290.93,282.28,289.52,5950158
2026-07-01,279.66,294.49,278.96,286.25,6905811
2026-06-30,273.21,282.5694,271.12,281.21,7458360
2026-06-29,274.3,278.15,269.06,278.0,6464204
2026-06-26,258.94,273.135,258.28,271.63,9719927
2026-06-25,267.67,268.7559,256.0,258.27,8539694
2026-06-24,261.843,265.07,256.1836,262.96,8149935
2026-06-23,261.58,267.53,255.26,264.94,15686117
2026-06-22,248.43,253.31,243.81,252.22,9615393
2026-06-18,251.38,252.47,243.68,249.1,16619749
2026-06-17,266.35,268.87,261.88,262.35,5537042
2026-06-16,270.87,276.62,268.61,270.81,4917642
2026-06-15,272.0,272.25,264.8,268.71,7178779
2026-06-12,278.94,278.94,267.68,272.24,5748915
2026-06-11,268.0,276.4799,266.5,274.85,7558322
2026-06-10,273.82,280.51,271.33,272.36,5497137
2026-06-09,281.135,283.59,271.29,277.49,9007918
2026-06-08,286.44,290.5,279.43,280.82,6790639
2026-06-05,300.0,302.3,281.0701,284.84,12509480
2026-06-04,307.425,310.44,300.18,301.77,9608097
2026-06-03,318.295,318.295,302.5301,305.63,13926558
2026-06-02,313.75,332.46,310.109,329.23,17210696
2026-06-01,322.55,327.98,308.0,320.42,32880180
2026-05-29,277.3,300.9999,273.33,297.8,28480996
2026-05-28,261.0,268.89,257.0,264.22,12432879
2026-05-27,250.455,257.62,250.455,255.2,9275543
2026-05-26,254.55,254.55,245.45,250.69,9256109
2026-05-22,262.05,264.38,253.39,253.84,19072873
2026-05-21,232.58,253.63,230.935,252.97,25707791
2026-05-20,221.05,225.0,216.78,225.0,4858990
2026-05-19,224.5,227.35,221.92,222.33,5937754
2026-05-18,218.55,223.33,217.75,222.75,5946367
2026-05-15,218.2,220.91,217.615,219.3,6154450
2026-05-14,215.545,220.96,215.0,218.37,5906199
2026-05-13,218.27,218.31,212.34,214.64,8361214
2026-05-12,224.43,224.43,219.22,219.22,6045225
2026-05-11,228.66,230.23,222.55,223.55,6677186
2026-05-08,229.73,230.705,224.83,229.76,5332800
2026-05-07,227.5,231.82,227.41,231.31,5485545
